# Title: Install Community Members,,,,,,,,,,,,,,,,
# Description: This option configures the Member profiles and groups for this demonstration site,,,,,,,,,,,,,,,,
# The following lines are creating new groups,,,,,,,,,,,,,,,,
SlingPost,/libs/granite/security/post/authorizables.html,authorizableId,aem-privileged-members,./profile/givenName,AEM Privileged Members,aboutMe,Members for AEM Communities Site,createGroup,1,,,,,,,
GroupMembers,aem-privileged-members,addMembers,aaron.mcdonald@mailinator.com,,,,,,,,,,,,,
# The following lines are updating user profiles,,,,,,,,,,,,,,,,
Users,andrew.schaeffer@trashymail.com,Profile,aboutMe,I'm a Web Content Manager at Geometrixx,language,en,city,San Francisco,region,CA,streetAddress,11 Pacific Highway,url,http://www.geometrixx.com,occupation,Manager
Users,rebekah.larsen@trashymail.com,Profile,aboutMe,I'm a Community Administrator at Geometrixx,language,en,city,San Jose,region,CA,streetAddress,11 Pacific Highway,url,http://www.geometrixx.com,occupation,Director
Users,weston.mccall@dodgit.com,Profile,aboutMe,I'm a Community Member for Geometrixx Communities,language,en,city,San Francisco,region,CA,streetAddress,11 Pacific Highway,url,http://www.geometrixx.com,occupation,Manager
Users,aaron.mcdonald@mailinator.com,Profile,aboutMe,I'm a Community Manager for Geometrixx Communities,language,en,city,San Jose,region,CA,streetAddress,11 Pacific Highway,url,http://www.geometrixx.com,occupation,Director