# Title: Install Final Changes,,,,,,,,,,,,,,,,,,,,,,,,,,,,,,,,,,,,,,,,,
# Description: This option configures the final changes on the author side,,,,,,,,,,,,,,,,,,,,,,,,,,,,,,,,,,,,,,,,,
Forum,/content/sites/communities/en/groups/hiking/jcr:content/content/primary/forum.social.json,rteEnabled,TRUE,allowVoting,TRUE,allowRepliesToComments,TRUE,allowCloseComments,TRUE,allowDeleteComments,TRUE,allowDenyComments,TRUE,allowFlagComments,TRUE,flagModerateThreshold,1,flagViewThreshold,3,allowFileUploads,TRUE,allowMoves,TRUE,allowBadges,TRUE,showCrumbs,TRUE,filterBadgesByComponent,TRUE,sortBy@String[],lastModificationDate_dt|added|latestActivityDate_dt|views|posts|follows|likes,sortField,latestActivityDate_dt,timeSelector,total_tl,maxPerPage,5,allowPinning,TRUE,acceptFileTypes,".jpeg, .jpg, .gif, .png, .pdf, .ppt, .pptx, .doc, .docx, .avi, .mp4"
Forum,/content/sites/communities/en/groups/hiking/jcr:content/content/primary/forum.social.json,rteEnabled,TRUE,allowVoting,TRUE,allowRepliesToComments,TRUE,allowCloseComments,TRUE,allowDeleteComments,TRUE,allowDenyComments,TRUE,allowFlagComments,TRUE,flagModerateThreshold,1,flagViewThreshold,3,allowFileUploads,TRUE,allowMoves,TRUE,allowBadges,TRUE,showCrumbs,TRUE,filterBadgesByComponent,TRUE,sortBy@String[],lastModificationDate_dt|added|latestActivityDate_dt|views|posts|follows|likes,sortField,latestActivityDate_dt,timeSelector,total_tl,maxPerPage,5,allowPinning,TRUE,acceptFileTypes,".jpeg, .jpg, .gif, .png, .pdf, .ppt, .pptx, .doc, .docx, .avi, .mp4"
Forum,/content/sites/communities/en/groups/surfing/jcr:content/content/primary/forum.social.json,rteEnabled,TRUE,allowVoting,TRUE,allowRepliesToComments,TRUE,allowCloseComments,TRUE,allowDeleteComments,TRUE,allowDenyComments,TRUE,allowFlagComments,TRUE,flagModerateThreshold,1,flagViewThreshold,3,allowFileUploads,TRUE,allowMoves,TRUE,allowBadges,TRUE,showCrumbs,TRUE,filterBadgesByComponent,TRUE,sortBy@String[],lastModificationDate_dt|added|latestActivityDate_dt|views|posts|follows|likes,sortField,latestActivityDate_dt,timeSelector,total_tl,maxPerPage,5,allowPinning,TRUE,acceptFileTypes,".jpeg, .jpg, .gif, .png, .pdf, .ppt, .pptx, .doc, .docx, .avi, .mp4"
# Republishing the site,,,,,,,,,,,,,,,,,,,,,,,,,,,,,,,,,,,,,,,,,
SitePublish,/content/sites/communities/en,,,,,,,,,,,,,,,,,,,,,,,,,,,,,,,,,,,,,,,,