# Title: Install Final Features,,,,,,,,,,,,,,,,,,,,,,,,,,,,,,,,,,,,,,,,,,,
# Description: This option configures the final features on the author side,,,,,,,,,,,,,,,,,,,,,,,,,,,,,,,,,,,,,,,,,,,
# Setting the privileged member groups for the Blog and Calendar (this will also republish the site),,,,,,,,,,,,,,,,,,,,,,,,,,,,,,,,,,,,,,,,,,,
SiteUpdate,/content/sites/communities/en/configuration.social.json,en,functions,"{""functions"":[{""title"":""Activities"",""url"":""activities"",""origUrl"":""activities"",""configuration"":[{""id"":""allowMyActivities"",""value"":""true""},{""id"":""allowAllActivities"",""value"":""true""},{""id"":""allowNewsFeed"",""value"":""true""}],""function"":""/etc/community/templates/functions/reference/activitystream""},{""title"":""Trending"",""url"":""trending"",""origUrl"":""trending"",""configuration"":[],""function"":""/etc/community/templates/functions/reference/page""},{""title"":""Forum"",""url"":""forum"",""origUrl"":""forum"",""configuration"":[{""id"":""allowNestedReplies"",""value"":""true""},{""id"":""allowAttachments"",""value"":""true""}],""function"":""/etc/community/templates/functions/reference/forum""},{""title"":""Files"",""url"":""files"",""origUrl"":""files"",""configuration"":[],""function"":""/etc/community/templates/functions/reference/filelibrary""},{""title"":""Catalog"",""url"":""catalog"",""origUrl"":""catalog"",""configuration"":[{""id"":""tagNamespaces"",""value"":[""/etc/tags/reference""]}],""function"":""/etc/community/templates/functions/reference/catalog""},{""title"":""Assignments"",""url"":""assignments"",""origUrl"":""assignments"",""configuration"":[],""function"":""/etc/community/templates/functions/reference/assignments""},{""title"":""Blog"",""url"":""blog"",""origUrl"":""blog"",""configuration"":[{""id"":""allowPrivilegedMembers"",""value"":true},{""id"":""allowAttachments"",""value"":true},{""id"":""allowNestedReplies"",""value"":true},{""id"":""cq:privilegedMembers"",""value"":[""/social/groups/reference-privileged-members""]}],""function"":""/etc/community/templates/functions/reference/blog""},{""title"":""Questions"",""url"":""questions"",""origUrl"":""questions"",""configuration"":[{""id"":""allowNestedReplies"",""value"":""true""},{""id"":""allowAttachments"",""value"":""true""}],""function"":""/etc/community/templates/functions/reference/qna""},{""title"":""Calendar"",""url"":""calendar"",""origUrl"":""calendar"",""configuration"":[{""id"":""allowPrivilegedMembers"",""value"":true},{""id"":""allowAttachments"",""value"":true},{""id"":""allowNestedReplies"",""value"":true},{""id"":""cq:privilegedMembers"",""value"":[""/social/groups/reference-privileged-members""]}],""function"":""/etc/community/templates/functions/reference/calendar""},{""title"":""Groups"",""url"":""groups"",""origUrl"":""groups"",""configuration"":[{""id"":""groupTemplates"",""value"":[""/etc/community/templates/groups/custom/demo_group"",""/etc/community/templates/groups/reference/reference-group-workspace-site"",""/etc/community/templates/groups/reference/reference-group-forum-site""]}],""function"":""/etc/community/templates/functions/reference/groups""},{""title"":""Members"",""url"":""members"",""origUrl"":""members"",""configuration"":[],""function"":""/etc/community/templates/functions/reference/page""},{""title"":""Social"",""url"":""social"",""origUrl"":""social"",""configuration"":[],""function"":""/etc/community/templates/functions/reference/page""}]}",moderators,/social/authors/aaron.mcdonald@mailinator.com,groupAdmin,/social/authors/aaron.mcdonald@mailinator.com,,,,,,,,,,,,,,,,,,,,,,,,,,,,,,,,,,,
# Updating a few components with new settings,,,,,,,,,,,,,,,,,,,,,,,,,,,,,,,,,,,,,,,,,,,
QnA,/content/sites/communities/en/questions/jcr:content/content/primary/qna.social.json,rteEnabled,TRUE,allowVoting,TRUE,allowRepliesToComments,TRUE,allowCloseComments,TRUE,allowDeleteComments,TRUE,allowDenyComments,TRUE,allowFlagComments,TRUE,flagModerateThreshold,1,flagViewThreshold,3,allowFileUploads,TRUE,allowMoves,TRUE,allowBadges,TRUE,showCrumbs,TRUE,filterBadgesByComponent,TRUE,sortBy@String[],lastModificationDate_dt|added|latestActivityDate_dt|views|posts|follows|likes,sortField,latestActivityDate_dt,timeSelector,total_tl,maxPerPage,5,allowPinning,TRUE,acceptFileTypes,".jpeg, .jpg, .gif, .png, .pdf, .ppt, .pptx, .doc, .docx, .avi, .mp4",moveSelectedAnswerToTop,FALSE
Forum,/content/sites/communities/en/forum/jcr:content/content/primary/forum.social.json,rteEnabled,TRUE,allowVoting,TRUE,allowRepliesToComments,TRUE,allowCloseComments,TRUE,allowDeleteComments,TRUE,allowDenyComments,TRUE,allowFlagComments,TRUE,flagModerateThreshold,1,flagViewThreshold,3,allowFileUploads,TRUE,allowMoves,TRUE,allowBadges,TRUE,showCrumbs,TRUE,filterBadgesByComponent,TRUE,sortBy@String[],lastModificationDate_dt|added|latestActivityDate_dt|views|posts|follows|likes,sortField,latestActivityDate_dt,timeSelector,total_tl,maxPerPage,5,allowPinning,TRUE,acceptFileTypes,".jpeg, .jpg, .gif, .png, .pdf, .ppt, .pptx, .doc, .docx, .avi, .mp4",,
# Assigning a few role based badges,,,,,,,,,,,,,,,,,,,,,,,,,,,,,,,,,,,,,,,,,,,
BadgeAssign,/home/users,,,,,,,,,,,,,,,,,,,,,,,,,,,,,,,,,,,,,,,,,,
admin,0,aaron.mcdonald@mailinator.com,/etc/community/badging/images/moderator/jcr:content/moderator.png,,,,,,,,,,,,,,,,,,,,,,,,,,,,,,,,,,,,,,,,
admin,0,emily.andrews@mailinator.com,/etc/community/badging/images/privileged-member/jcr:content/privileged-member.png,,,,,,,,,,,,,,,,,,,,,,,,,,,,,,,,,,,,,,,,
# Republishing the site,,,,,,,,,,,,,,,,,,,,,,,,,,,,,,,,,,,,,,,,,,,
SitePublish,/content/sites/communities/en,,,,,,,,,,,,,,,,,,,,,,,,,,,,,,,,,,,,,,,,,,
